官方教程: https://www.mysqlzh.com/doc/25.html
1.连接与退出
```
// 连接服务 连接的主机、用户名和使用的密码
shell> mysql -h host -u user -p
Enter password: ********

// mysql命令结束需要使用分号(;)或者(\g)

// 输入QUIT (或\q)随时退出
mysql> quit 
```
2.查询服务当前的版本号与日期,注意关键词大小写是通用的，以下输入  SeLeCt vErSiOn(), current_DATE 也是可行的
```mysql
mysql> SELECT VERSION(), CURRENT_DATE()
+-----------------+--------------+
| VERSION()       | CURRENT_DATE |
+-----------------+--------------+
| 5.1.2-alpha-log | 2005-10-11   |
+-----------------+--------------+
1 row in set (0.01 sec)
mysql>select now()
+---------------------+
| NOW()               |
+---------------------+
| 2005-10-11 15:15:00 |
+---------------------+
1 row in set (0.00 sec)
mysql>
```
不必全在一个行内给出一个命令，较长命令可以输入到多个行中。mysql通过寻找终止分号而不是输入行的结束来决定语句在哪儿结束。（换句话说，mysql接受自由格式的输入：它收集输入行但直到看见分号才执行。）
下表显示出可以看见的各个提示符并简述它们所表示的mysql的状态：

|**提示符**|**含义**|
|--|--|
|mysql>|准备好接受新命令。|
|->等待多行命令的下一行。|
|'>|等待下一行，等待以单引号(“'”)开始的字符串的结束。|
|">|等待下一行，等待以双引号(“"”)开始的字符串的结束。|
|`>|等待下一行，等待以反斜点(‘`’)开始的识别符的结束。|
|/*>|等待下一行，等待以/*开始的注释的结束。|

3.数据库
```
// 创建数据库 在Unix下，数据库名称是区分大小写的(不像SQL关键字)，因此你必须总是以menagerie访问数据库，而不能用Menagerie、MENAGERIE或其它一些变量。对表名也是这样的。
//（在Windows下，该限制不适用，尽管你必须在一个给定的查询中使用同样的大小写来引用数据库和表。但是，由于多种原因，作为最好的惯例，一定要使用与数据库创建时的同样的大小写。）
mysql> create database menagerie

// 创建数据库并不表示已经选定，需要通过Use选定
mysql>use menagerie
Database changed

// 展示数据库下表
mysql>show tables
Empty set (0.00 sec)

// 创建表
mysql> CREATE TABLE pet (name VARCHAR(20), owner VARCHAR(20),
    -> species VARCHAR(20), sex CHAR(1), birth DATE, death DATE);
```
VARCHAR适合于name、owner和species列，因为列值是变长的。这些列的长度不必都相同，而且不必是20。你可以挑选从1到65535的任何长度，从中选择一个最合理的值。（如果选择得不合适，后来证明你需要一个更长的字段，MySQL提供一个ALTER TABLE语句。）

可以用多种类型的值来表示动物记录中的性别，例如，"m"和"f"，或"male"和"female"。使用单字符"m"和"f"是最简单的方法。很显然，birth和death列应选用DATE数据类。创建了数据库表后，SHOW TABLES应该产生一些输出：
```
mysql> SHOW TABLES;
+---------------------+
| Tables in menagerie |
+---------------------+
| pet                 |
+---------------------+
```
打印表使用 DESCRIBE 关键词
```
mysql> DESCRIBE pet;
+---------+-------------+------+-----+---------+-------+
| Field   | Type        | Null | Key | Default | Extra |
+---------+-------------+------+-----+---------+-------+
| name    | varchar(20) | YES  |     | NULL    |       |
| owner   | varchar(20) | YES  |     | NULL    |       |
| species | varchar(20) | YES  |     | NULL    |       |
| sex     | char(1)     | YES  |     | NULL    |       |
| birth   | date        | YES  |     | NULL    |       |
| death   | date        | YES  |     | NULL    |       |
+---------+-------------+------+-----+---------+-------+
```
4.数据存表
创建一个文本文件“pet.txt”，每行包含一个记录，用定位符(tab)把值分开，并且以CREATE TABLE语句中列出的列次序给出。对于丢失的值(例如未知的性别，或仍然活着的动物的死亡日期)，

你可以使用NULL值。为了在你的文本文件中表示这些内容，使用\N（反斜线，字母N）。例如，Whistler鸟的记录应为(这里值之间的空白是一个定位符)：

|**name**|**owner**|**species**|**sex**|**birth**|**death**|
|--|--|--|--|--|--|
|Whistler|Gwen|bird|\N|1997-12-09|\N|

要想将文本文件“pet.txt”装载到pet表中，使用这个命令：LOAD DATA和INSERT，完成该任务。
```
mysql> LOAD DATA LOCAL INFILE '/path/pet.txt' INTO TABLE pet;
```
请注意如果用Windows中的编辑器（使用\r\n做为行的结束符）创建文件，应使用
```
mysql> LOAD DATA LOCAL INFILE '/path/pet.txt' INTO TABLE pet
    -> LINES TERMINATED BY '\r\n';
```
如果想要一次增加一个新记录，可以使用INSERT语句。最简单的形式是，提供每一列的值，其顺序与CREATE TABLE语句中列的顺序相同。假定Diane把一只新仓鼠命名为Puffball，你可以使用下面的INSERT语句添加一条新记录：
```
mysql> INSERT INTO pet
    -> VALUES ('Puffball','Diane','hamster','f','1999-03-30',NULL);
```
5.筛选语句
```
SELECT what_to_select
FROM which_table
WHERE conditions_to_satisfy;
```
```
// 选择所有数据
mysql> select * from pet;
+----------+--------+---------+------+------------+------------+
| name     | owner  | species | sex  | birth      | death      |
+----------+--------+---------+------+------------+------------+
| Fluffy   | Harold | cat     | f    | 1993-02-04 | NULL       |
| Claws    | Gwen   | cat     | m    | 1994-03-17 | NULL       |
| Buffy    | Harold | dog     | f    | 1989-05-13 | NULL       |
| Fang     | Benny  | dog     | m    | 1990-08-27 | NULL       |
| Bowser   | Diane  | dog     | m    | 1979-08-31 | 1995-07-29 |
| Chirpy   | Gwen   | bird    | f    | 1998-09-11 | NULL       |
| Whistler | Gwen   | bird    | NULL | 1997-12-09 | NULL       |
| Slim     | Benny  | snake   | m    | 1996-04-29 | NULL       |
| Puffball | Diane  | hamster | f    | 1999-03-30 | NULL       |
+----------+--------+---------+------+------------+------------+
```
如果你想要浏览整个表，可以使用这种形式的SELECT，例如，刚刚装载了初始数据集以后。也有可能你想到Bowser的生日看起来不很对。查阅你原来的家谱，你发现正确的出生年是1989，而不是1979。

至少有两种修正方法：

（1）编辑文件“pet.txt”改正错误，然后使用DELETE和LOAD DATA清空并重新装载表:
```
mysql> DELETE FROM pet;
mysql> LOAD DATA LOCAL INFILE 'pet.txt' INTO TABLE pet;
```
（2）用一个UPDATE语句仅修正错误记录,UPDATE只更改有问题的记录，不需要重新装载数据库表
```
mysql> UPDATE pet SET birth = '1989-08-31' WHERE name = 'Bowser';
```
```
// 选择特殊行
mysql> SELECT * FROM pet WHERE name = 'Bowser';
+--------+-------+---------+------+------------+------------+
| name   | owner | species | sex  | birth      | death      |
| Bowser | Diane | dog     | m    | 1989-08-31 | 1995-07-29 |
+--------+-------+---------+------+------------+------------+

// 也可以查找一个范围，如果你想要知道哪个动物在1998以后出生的，测试birth列：
mysql> SELECT * FROM pet WHERE birth > '1998-1-1';
+----------+-------+---------+------+------------+-------+
| name     | owner | species | sex  | birth      | death |
+----------+-------+---------+------+------------+-------+
| Chirpy   | Gwen  | bird    | f    | 1998-09-11 | NULL  |
| Puffball | Diane | hamster | f    | 1999-03-30 | NULL  |
+----------+-------+---------+------+------------+-------+

// 可以组合条件，例如，找出雌性的狗：
mysql> SELECT * FROM pet WHERE species = 'dog' AND sex = 'f';
+-------+--------+---------+------+------------+-------+
| name  | owner  | species | sex  | birth      | death |
+-------+--------+---------+------+------------+-------+
| Buffy | Harold | dog     | f    | 1989-05-13 | NULL  |
+-------+--------+---------+------+------------+-------+

// 上面的查询使用AND逻辑操作符，也有一个OR操作符
mysql> SELECT * FROM pet WHERE species = 'snake' OR species = 'bird';
+----------+-------+---------+------+------------+-------+
| name     | owner | species | sex  | birth      | death |
+----------+-------+---------+------+------------+-------+
| Chirpy   | Gwen  | bird    | f    | 1998-09-11 | NULL  |
| Whistler | Gwen  | bird    | NULL | 1997-12-09 | NULL  |
| Slim     | Benny | snake   | m    | 1996-04-29 | NULL  |
+----------+-------+---------+------+------------+-------+

// AND和OR可以混用，但AND比OR具有更高的优先级。如果你使用两个操作符，使用圆括号指明如何对条件进行分组是一个好主意：
mysql> SELECT * FROM pet WHERE (species = 'cat' AND sex = 'm')
    -> OR (species = 'dog' AND sex = 'f');
+-------+--------+---------+------+------------+-------+
| name  | owner  | species | sex  | birth      | death |
+-------+--------+---------+------+------------+-------+
| Claws | Gwen   | cat     | m    | 1994-03-17 | NULL  |
| Buffy | Harold | dog     | f    | 1989-05-13 | NULL  |
+-------+--------+---------+------+------------+-------+

// 如果你不想看到表中的所有行，就命名你感兴趣的列
mysql> SELECT name, birth FROM pet;
+----------+------------+
| name     | birth      |
+----------+------------+
| Fluffy   | 1993-02-04 |
| Claws    | 1994-03-17 |
| Buffy    | 1989-05-13 |
| Fang     | 1990-08-27 |
| Bowser   | 1989-08-31 |
| Chirpy   | 1998-09-11 |
| Whistler | 1997-12-09 |
| Slim     | 1996-04-29 |
| Puffball | 1999-03-30 |
+----------+------------+

// 可以使用一个WHERE子句结合行选择与列选择
mysql> SELECT name, species, birth FROM pet
    -> WHERE species = 'dog' OR species = 'cat';
+--------+---------+------------+
| name   | species | birth      |
+--------+---------+------------+
| Fluffy | cat     | 1993-02-04 |
| Claws  | cat     | 1994-03-17 |
| Buffy  | dog     | 1989-05-13 |
| Fang   | dog     | 1990-08-27 |
| Bowser | dog     | 1989-08-31 |
```
当行按某种方式排序时，检查查询输出通常更容易。为了排序结果，使用ORDER BY子句。这里是动物生日，按日期排序：
```
mysql> SELECT name, birth FROM pet ORDER BY birth;
+----------+------------+
| name     | birth      |
+----------+------------+
| Buffy    | 1989-05-13 |
| Bowser   | 1989-08-31 |
| Fang     | 1990-08-27 |
| Fluffy   | 1993-02-04 |
| Claws    | 1994-03-17 |
| Slim     | 1996-04-29 |
| Whistler | 1997-12-09 |
| Chirpy   | 1998-09-11 |
| Puffball | 1999-03-30 |
+----------+------------+
默认排序是升序，最小的值在第一。要想以降序排序，在你正在排序的列名上增加DESC（降序 ）关键字：
mysql> SELECT name, birth FROM pet ORDER BY birth DESC;
+----------+------------+
| name     | birth      |
+----------+------------+
| Puffball | 1999-03-30 |
| Chirpy   | 1998-09-11 |
| Whistler | 1997-12-09 |
| Slim     | 1996-04-29 |
| Claws    | 1994-03-17 |
| Fluffy   | 1993-02-04 |
| Fang     | 1990-08-27 |
| Bowser   | 1989-08-31 |
| Buffy    | 1989-05-13 |
+----------+------------+
```
可以对多个列进行排序，并且可以按不同的方向对不同的列进行排序。例如，按升序对动物的种类进行排序，然后按降序根据生日对各动物种类进行排序（最年轻的动物在最前面），使用下列查询：
```
mysql> SELECT name, species, birth FROM pet
    -> ORDER BY species, birth DESC;
+----------+---------+------------+
| name     | species | birth      |
+----------+---------+------------+
| Chirpy   | bird    | 1998-09-11 |
| Whistler | bird    | 1997-12-09 |
| Claws    | cat     | 1994-03-17 |
| Fluffy   | cat     | 1993-02-04 |
| Fang     | dog     | 1990-08-27 |
| Bowser   | dog     | 1989-08-31 |
| Buffy    | dog     | 1989-05-13 |
| Puffball | hamster | 1999-03-30 |
| Slim     | snake   | 1996-04-29 |
+----------+---------+------------+
```
6.日期计算

MySQL提供了几个函数，可以用来计算日期，例如，计算年龄或提取日期部分。要想确定每个宠物有多大，可以计算当前日期的年和出生日期之间的差。如果当前日期的日历年比出生日期早，则减去一年。以下查询显示了每个宠物的出生日期、当前日期和年龄数值的年数字。
```
mysql> SELECT name, birth, CURDATE(),
    -> (YEAR(CURDATE())-YEAR(birth))
    -> - (RIGHT(CURDATE(),5)<RIGHT(birth,5))
    -> AS age
    -> FROM pet;
+----------+------------+------------+------+
| name     | birth      | CURDATE()  | age  |
+----------+------------+------------+------+
| Fluffy   | 1993-02-04 | 2003-08-19 |   10 |
| Claws    | 1994-03-17 | 2003-08-19 |    9 |
| Buffy    | 1989-05-13 | 2003-08-19 |   14 |
| Fang     | 1990-08-27 | 2003-08-19 |   12 |
| Bowser   | 1989-08-31 | 2003-08-19 |   13 |
| Chirpy   | 1998-09-11 | 2003-08-19 |    4 |
| Whistler | 1997-12-09 | 2003-08-19 |    5 |
| Slim     | 1996-04-29 | 2003-08-19 |    7 |
| Puffball | 1999-03-30 | 2003-08-19 |    4 |
+----------+------------+------------+------+
```
此处，YEAR()提取日期的年部分，RIGHT()提取日期的MM-DD (日历年)部分的最右面5个字符。比较MM-DD值的表达式部分的值一般为1或0，如果CURDATE()的年比birth的年早，则年份应减去1。整个表达式有些难懂，使用alias (age)来使输出的列标记更有意义。

尽管查询可行，如果以某个顺序排列行，则能更容易地浏览结果。添加ORDER BY name子句按照名字对输出进行排序则能够实现。
```
mysql> SELECT name, birth, CURDATE(),
    -> (YEAR(CURDATE())-YEAR(birth))
    -> - (RIGHT(CURDATE(),5)<RIGHT(birth,5))
    -> AS age
    -> FROM pet ORDER BY name;
+----------+------------+------------+------+
| name     | birth      | CURDATE()  | age  |
+----------+------------+------------+------+
| Bowser   | 1989-08-31 | 2003-08-19 |   13 |
| Buffy    | 1989-05-13 | 2003-08-19 |   14 |
| Chirpy   | 1998-09-11 | 2003-08-19 |    4 |
| Claws    | 1994-03-17 | 2003-08-19 |    9 |
| Fang     | 1990-08-27 | 2003-08-19 |   12 |
| Fluffy   | 1993-02-04 | 2003-08-19 |   10 |
| Puffball | 1999-03-30 | 2003-08-19 |    4 |
| Slim     | 1996-04-29 | 2003-08-19 |    7 |
| Whistler | 1997-12-09 | 2003-08-19 |    5 |
+----------+------------+------------+------+
```
MySQL提供几个日期部分的提取函数，例如YEAR( )、MONTH( )和DAYOFMONTH( )，在此处，YEAR()提取日期的年部分，RIGHT()提取日期的MM-DD (日历年)部分的最右面5个字符。比较MM-DD值的表达式部分的结果一般为1或0，如果CURDATE()的年比birth的年早，则年份应减去1。整个表达式有些难懂，使用alias (age)来使输出的列标记更有意义。AS 作为新的字段

可以使用一个类似的查询来确定已经死亡动物的死亡年龄。你通过检查death值是否是NULL来确定是哪些动物，然后，对于那些非NULL值的动物，需要计算出death和birth值之间的差，查询使用death IS NOT NULL而非death != NULL，因为NULL是特殊的值，不能使用普通比较符来比较，
```
mysql> SELECT name, birth, death,
    -> (YEAR(death)-YEAR(birth)) - (RIGHT(death,5)<RIGHT(birth,5))
    -> AS age
    -> FROM pet WHERE death IS NOT NULL ORDER BY age;
+--------+------------+------------+------+
| name   | birth      | death      | age  |
+--------+------------+------------+------+
| Bowser | 1989-08-31 | 1995-07-29 |    5 |
+--------+------------+------------+------+
```
7.特殊值NULL

NULL值可能令人感到奇怪直到你习惯它。概念上，NULL意味着“没有值”或“未知值”，且它被看作与众不同的值。为了测试NULL，你不能使用算术比较 操作符例如=、<或!=。很显然你不能通过这些比较得到有意义的结果。相反使用IS NULL和IS NOT NULL操作符：
```
mysql> SELECT 1 IS NULL, 1 IS NOT NULL;
+-----------+---------------+
| 1 IS NULL | 1 IS NOT NULL |
+-----------+---------------+
|         0 |             1 |
+-----------+---------------+
```
请注意在MySQL中，0或 NULL意味着假而其它值意味着真。布尔运算的默认真值是1。
8 模式匹配
```
// 要想找出以“b”开头的名字：
mysql> SELECT * FROM pet WHERE name LIKE 'b%';

// 要想找出以“fy”结尾的名字：
mysql> SELECT * FROM pet WHERE name LIKE '%fy';

// 要想找出包含“w”的名字：
mysql> SELECT * FROM pet WHERE name LIKE '%w%';

// 要想找出正好包含5个字符的名字，使用“_”模式字符：
mysql> SELECT * FROM pet WHERE name LIKE '_____';
```
9 获得数据库和表的信息

SHOW DATABASES，它列出由服务器管理的数据库。为了找出当前选择了哪个数据库，使用DATABASE( )函数：
```
mysql> SELECT DATABASE();
+------------+
| DATABASE() |
+------------+
| menagerie  |
+------------+
```
找出当前的数据库包含什么表
```
mysql> SHOW TABLES;
+---------------------+
| Tables in menagerie |
+---------------------+
| event               |
| pet                 |
+---------------------+
```
如果你想要知道一个表的结构，可以使用DESCRIBE命令；它显示表中每个列的信息：
```
mysql> DESCRIBE pet;
+---------+-------------+------+-----+---------+-------+
| Field   | Type        | Null | Key | Default | Extra |
+---------+-------------+------+-----+---------+-------+
| name    | varchar(20) | YES  |     | NULL    |       |
| owner   | varchar(20) | YES  |     | NULL    |       |
| species | varchar(20) | YES  |     | NULL    |       |
| sex     | char(1)     | YES  |     | NULL    |       |
| birth   | date        | YES  |     | NULL    |       |
| death   | date        | YES  |     | NULL    |       |
+---------+-------------+------+-----+---------+-------+
```
Field显示列名字，Type是列的数据类型，Null表示列是否能包含NULL值，Key显示列是否被索引而Default指定列的默认值。
如果表有索引，SHOW INDEX FROM tbl_name生成有关索引的信息。